dataset,component,cumulative_explained_variance
digits,1,0.1481515738211783
digits,2,0.28338832573402684
digits,3,0.4004548633594165
digits,4,0.48362010576423503
digits,5,0.540986237398564
digits,6,0.5894871386494002
digits,7,0.6320159447523528
digits,8,0.6687910963354043
digits,9,0.7020248603006932
digits,10,0.7324912031416035
digits,11,0.7560865082349224
digits,12,0.7789093668980143
digits,13,0.7971224853219986
digits,14,0.8148562183883679
digits,15,0.8294418165746981
digits,16,0.8434045390975063
digits,17,0.8565047360179328
digits,18,0.8689349185916058
digits,19,0.879138812127677
digits,20,0.888234857623634
digits,21,0.8971423485047737
digits,22,0.905122192209856
digits,23,0.9130064336722244
digits,24,0.9206385370487489
digits,25,0.9275406493049512
digits,26,0.9334966425413896
digits,27,0.9392639981398978
digits,28,0.9443767088820684
digits,29,0.9493849715341655
digits,30,0.9538099794204967
digits,31,0.9577867262941051
digits,32,0.9615642263160402
digits,33,0.9649973793087208
digits,34,0.9683088369040653
digits,35,0.9714456038697364
digits,36,0.9744099253951927
digits,37,0.9769829212530924
digits,38,0.9793257666295124
digits,39,0.9816113190559412
digits,40,0.9838730474134996
digits,41,0.9859470026653677
digits,42,0.9878214495077645
digits,43,0.9894184599704382
digits,44,0.9909237203080626
digits,45,0.9923107785358674
digits,46,0.9934539612788453
digits,47,0.9945731887182511
digits,48,0.9955528610475884
digits,49,0.9965014404912151
digits,50,0.997217500000672
digits,51,0.9977326993608286
digits,52,0.9981798257537157
digits,53,0.9985298984978512
digits,54,0.9988335228421801
digits,55,0.9991202334894221
digits,56,0.999396807276941
digits,57,0.9996200016055793
digits,58,0.9997483460843772
digits,59,0.999861961959541
digits,60,0.9999492242584723
digits,61,1.0
digits,62,1.0
digits,63,1.0
digits,64,1.0
fashion,1,0.29050028796969124
fashion,2,0.4678570836061215
fashion,3,0.5280272178184565
fashion,4,0.5775830962992017
fashion,5,0.616023957642647
fashion,6,0.6506055054704637
fashion,7,0.6740548702576276
fashion,8,0.6930971995458896
fashion,9,0.7065346761088046
fashion,10,0.7196526592693082
fashion,11,0.7295715971656158
fashion,12,0.7387136262703096
fashion,13,0.7463575828927447
fashion,14,0.7529323883834523
fashion,15,0.7590260349741802
fashion,16,0.7649129162091101
fashion,17,0.7704377556060832
fashion,18,0.7756999566529134
fashion,19,0.7802978089765993
fashion,20,0.7848442226652045
fashion,21,0.7891883134786851
fashion,22,0.7932593721026641
fashion,23,0.7971072094438849
fashion,24,0.8008304810821781
fashion,25,0.8044447994959436
fashion,26,0.8079399170558939
fashion,27,0.8112770231214
fashion,28,0.8144596056546187
fashion,29,0.8175470375013433
fashion,30,0.8204878771538219
fashion,31,0.823246643347537
fashion,32,0.8259051910023693
fashion,33,0.8285424569232146
fashion,34,0.8311071468918806
fashion,35,0.8335742438259662
fashion,36,0.835938051987905
fashion,37,0.8382372324205972
fashion,38,0.8404851520172167
fashion,39,0.84267689290624
fashion,40,0.8447651415120097
fashion,41,0.8467603882537578
fashion,42,0.8487216736338973
fashion,43,0.8506637155090329
fashion,44,0.8524914575897837
fashion,45,0.8542430417218216
fashion,46,0.8559542459948688
fashion,47,0.8576350136979319
fashion,48,0.8592748023235782
fashion,49,0.8608916704569778
fashion,50,0.8624430113086531
fashion,51,0.8639722588729676
fashion,52,0.8654766829289348
fashion,53,0.8669466290131069
fashion,54,0.8683793568952479
fashion,55,0.8697627982715361
fashion,56,0.8711320489810486
fashion,57,0.87244514404974
fashion,58,0.8737351531174452
fashion,59,0.8750082630389238
fashion,60,0.8762665209472403
fashion,61,0.8774795565228912
fashion,62,0.878683629755147
fashion,63,0.8798671920242089
fashion,64,0.8810328799000715
fashion,65,0.8821920945355418
fashion,66,0.8833134007112515
fashion,67,0.8844229908801499
fashion,68,0.8855198885819501
fashion,69,0.8865759739686391
fashion,70,0.88762806988144
fashion,71,0.8886648942423335
fashion,72,0.8896784253492309
fashion,73,0.8906569337679581
fashion,74,0.8916161770640882
fashion,75,0.892554182877089
fashion,76,0.8934896956714633
fashion,77,0.8944175914954489
fashion,78,0.8953228376901291
fashion,79,0.8962141880212362
fashion,80,0.8970855307202741
fashion,81,0.8979395099380897
fashion,82,0.8987840328917263
fashion,83,0.899609665980325
fashion,84,0.900425905446497
fashion,85,0.9012340085912942
fashion,86,0.902036333781561
fashion,87,0.902811619074398
fashion,88,0.9035813755212891
fashion,89,0.9043467274818106
fashion,90,0.9050972665317444
fashion,91,0.9058435049837997
fashion,92,0.9065853329056426
fashion,93,0.9073168866450992
fashion,94,0.9080377338456063
fashion,95,0.9087532516780081
fashion,96,0.9094548258312936
fashion,97,0.9101511038392386
fashion,98,0.9108303926192933
fashion,99,0.9114999572086804
fashion,100,0.9121583007114641
fashion,101,0.9128100236737274
fashion,102,0.913451522364439
fashion,103,0.9140885224935067
fashion,104,0.9147165027565548
fashion,105,0.91533915392449
fashion,106,0.9159577991351888
fashion,107,0.9165636834814231
fashion,108,0.9171583726822988
fashion,109,0.9177483818496963
fashion,110,0.9183360815411953
fashion,111,0.9189149421232468
fashion,112,0.9194879158361374
fashion,113,0.9200482449349758
fashion,114,0.9206036321842549
fashion,115,0.9211568206082774
fashion,116,0.9217018784469129
fashion,117,0.9222403192238163
fashion,118,0.922775560872114
fashion,119,0.9233060467969116
fashion,120,0.9238268125150368
fashion,121,0.924339180451039
fashion,122,0.9248456133693711
fashion,123,0.9253459047066435
fashion,124,0.9258407763898485
fashion,125,0.9263324730596582
fashion,126,0.9268201425398546
fashion,127,0.9273020730942624
fashion,128,0.9277791153133195
fashion,129,0.9282541032298643
fashion,130,0.9287229843751186
fashion,131,0.9291878365488324
fashion,132,0.929651318750092
fashion,133,0.9301093214257079
fashion,134,0.9305655320739548
fashion,135,0.931015701644465
fashion,136,0.9314627350613267
fashion,137,0.931904286791881
fashion,138,0.9323399050981057
fashion,139,0.9327736879542304
fashion,140,0.9332046456623733
fashion,141,0.9336350910733326
fashion,142,0.9340591757659887
fashion,143,0.9344807704719226
fashion,144,0.9348987738891498
fashion,145,0.9353133030509858
fashion,146,0.9357194251081293
fashion,147,0.9361222451538479
fashion,148,0.9365196345383202
fashion,149,0.9369154164183028
fashion,150,0.9373070122040982
fashion,151,0.9376968875242702
fashion,152,0.9380832668225216
fashion,153,0.9384633711319432
fashion,154,0.9388425065251395
fashion,155,0.9392177692980594
fashion,156,0.9395899580692376
fashion,157,0.939960731749528
fashion,158,0.9403300184697615
fashion,159,0.9406979749177803
fashion,160,0.9410632141078265
fashion,161,0.9414253023185726
fashion,162,0.9417839731856612
fashion,163,0.9421371324480526
fashion,164,0.9424876871281372
fashion,165,0.9428371286982977
fashion,166,0.9431823249533562
fashion,167,0.9435239509164035
fashion,168,0.9438599128030167
fashion,169,0.9441946006268968
fashion,170,0.9445269926870743
fashion,171,0.9448572508717487
fashion,172,0.9451845198581992
fashion,173,0.9455101864775959
fashion,174,0.9458322815023386
fashion,175,0.9461533382847215
fashion,176,0.9464715885451881
fashion,177,0.9467883440952437
fashion,178,0.9471015574495871
fashion,179,0.9474116184617436
fashion,180,0.9477205598542202
fashion,181,0.9480294559543279
fashion,182,0.9483345043203889
fashion,183,0.9486384762806893
fashion,184,0.9489410995861012
fashion,185,0.9492413050430388
fashion,186,0.949538577963817
fashion,187,0.9498348196613727
fashion,188,0.9501290641056152
fashion,189,0.9504195193127821
fashion,190,0.9507084044004445
fashion,191,0.9509958836282837
fashion,192,0.9512826256745504
fashion,193,0.9515653708880601
fashion,194,0.9518444970683726
fashion,195,0.9521214388632177
fashion,196,0.9523967456677005
fashion,197,0.9526711407238747
fashion,198,0.9529441674425118
fashion,199,0.9532155769514055
fashion,200,0.9534848718613729
fashion,201,0.9537535185110968
fashion,202,0.9540194109712793
fashion,203,0.9542844920608593
fashion,204,0.9545471126248749
fashion,205,0.9548073108886684
fashion,206,0.9550655502712793
fashion,207,0.9553227058439606
fashion,208,0.955579092692896
fashion,209,0.955835055570769
fashion,210,0.9560891087393955
fashion,211,0.9563409736060867
fashion,212,0.9565914122074027
fashion,213,0.9568394525090673
fashion,214,0.9570855729003724
fashion,215,0.9573298894624716
fashion,216,0.9575719716546174
fashion,217,0.957813739810519
fashion,218,0.9580549093442592
fashion,219,0.9582952916845854
fashion,220,0.9585330953132613
fashion,221,0.9587695188415161
fashion,222,0.9590041706474427
fashion,223,0.9592370790598274
fashion,224,0.9594697650057449
fashion,225,0.9596983458477187
fashion,226,0.959926300172922
fashion,227,0.96015288333659
fashion,228,0.960379417501392
fashion,229,0.9606035884329795
fashion,230,0.9608254111804915
fashion,231,0.9610468243684934
fashion,232,0.9612661857846205
fashion,233,0.9614849504595184
fashion,234,0.9617009076879924
fashion,235,0.9619159628811486
fashion,236,0.9621303641750251
fashion,237,0.9623426916557696
fashion,238,0.9625534278376853
fashion,239,0.9627627685853456
fashion,240,0.962971726655998
fashion,241,0.9631788774325902
fashion,242,0.9633849267928613
fashion,243,0.9635904076991568
fashion,244,0.9637943204973263
fashion,245,0.9639970310466587
fashion,246,0.9641986436735305
fashion,247,0.9643985157762656
fashion,248,0.9645980924212936
fashion,249,0.9647954803104685
fashion,250,0.9649921900047246
fashion,251,0.9651880124089814
fashion,252,0.9653816550084091
fashion,253,0.9655745693610654
fashion,254,0.965765914818806
fashion,255,0.9659563027775808
fashion,256,0.9661453298302775
fashion,257,0.9663338955550158
fashion,258,0.9665208638129454
fashion,259,0.9667077747371784
fashion,260,0.9668933427345046
fashion,261,0.9670769148016646
fashion,262,0.9672596463554279
fashion,263,0.9674409546170872
fashion,264,0.9676214259775611
fashion,265,0.9678009050102436
fashion,266,0.9679794558687775
fashion,267,0.9681568075671152
fashion,268,0.9683340903693827
fashion,269,0.9685096328754169
fashion,270,0.9686839947069336
fashion,271,0.9688575898541202
fashion,272,0.9690305114118526
fashion,273,0.9692021352223557
fashion,274,0.9693732055595615
fashion,275,0.9695431681350867
fashion,276,0.9697126898624594
fashion,277,0.9698808945013246
fashion,278,0.9700472865872645
fashion,279,0.9702135685866933
fashion,280,0.9703787679348013
fashion,281,0.9705433556598371
fashion,282,0.9707067972510522
fashion,283,0.9708691102845528
fashion,284,0.9710304530245296
fashion,285,0.971191303831284
fashion,286,0.9713509825143025
fashion,287,0.9715103940172506
fashion,288,0.9716695693568501
fashion,289,0.9718282601314939
fashion,290,0.9719850711631769
fashion,291,0.9721415560275409
fashion,292,0.9722962915407986
fashion,293,0.9724504559650593
fashion,294,0.9726036544390949
fashion,295,0.9727566746300469
fashion,296,0.972909023012256
fashion,297,0.9730600909109062
fashion,298,0.9732103544125656
fashion,299,0.9733601017442943
fashion,300,0.9735089119036717
fashion,301,0.9736571657261414
fashion,302,0.9738043459284903
fashion,303,0.9739509117216807
fashion,304,0.9740969586643071
fashion,305,0.974242233470102
fashion,306,0.9743872159500209
fashion,307,0.97453176530856
fashion,308,0.9746759653909296
fashion,309,0.9748192932294928
fashion,310,0.9749607324235328
fashion,311,0.9751014482702998
fashion,312,0.9752420888772371
fashion,313,0.9753823046306865
fashion,314,0.9755216166005525
fashion,315,0.975660159735788
fashion,316,0.9757973931675754
fashion,317,0.975934062085095
fashion,318,0.9760699567052779
fashion,319,0.9762055842920637
fashion,320,0.9763405156245358
fashion,321,0.976474264340997
fashion,322,0.9766078765341749
fashion,323,0.9767404984539784
fashion,324,0.9768724539036405
fashion,325,0.977003531603337
fashion,326,0.9771335594676376
fashion,327,0.9772633386810543
fashion,328,0.9773928024382906
fashion,329,0.9775213914038661
fashion,330,0.9776496211638136
fashion,331,0.977777433275684
fashion,332,0.977904798748847
fashion,333,0.9780312484535854
fashion,334,0.9781569029681
fashion,335,0.978281875106234
fashion,336,0.978405958375546
fashion,337,0.9785296352304363
fashion,338,0.9786525472267023
fashion,339,0.9787743467884906
fashion,340,0.9788959480878967
fashion,341,0.9790167524700024
fashion,342,0.9791372168903536
fashion,343,0.979256833622494
fashion,344,0.9793758847289806
fashion,345,0.9794940385800036
fashion,346,0.9796116578259897
fashion,347,0.9797288930947228
fashion,348,0.9798459279935361
fashion,349,0.9799623885491533
fashion,350,0.9800782494522995
fashion,351,0.9801940935778481
fashion,352,0.9803092108430935
fashion,353,0.9804233006462624
fashion,354,0.9805373383253612
fashion,355,0.9806508415177545
fashion,356,0.9807636434864924
fashion,357,0.9808755033542188
fashion,358,0.9809872397807581
fashion,359,0.981098182999974
fashion,360,0.9812083942117793
fashion,361,0.9813185202075316
fashion,362,0.9814279513698895
fashion,363,0.981536887521842
fashion,364,0.9816453512036915
fashion,365,0.9817534645319318
fashion,366,0.9818607493396729
fashion,367,0.9819678455332533
fashion,368,0.9820745118231721
fashion,369,0.9821808538070065
fashion,370,0.9822864451059168
fashion,371,0.9823917604134591
fashion,372,0.9824965973939219
fashion,373,0.9826000050020479
fashion,374,0.9827031941392217
fashion,375,0.9828060206652229
fashion,376,0.9829079498803723
fashion,377,0.983009341219077
fashion,378,0.9831103919351099
fashion,379,0.9832110274624201
fashion,380,0.9833114283352314
fashion,381,0.9834113471975119
fashion,382,0.9835108583869668
fashion,383,0.9836100761210402
fashion,384,0.9837089431625822
fashion,385,0.9838072947329681
fashion,386,0.9839052646611613
fashion,387,0.9840023763499768
fashion,388,0.9840992691195454
fashion,389,0.9841957706280184
fashion,390,0.9842919715377186
fashion,391,0.984387399397057
fashion,392,0.984482541989056
fashion,393,0.9845772474992727
fashion,394,0.9846713101590525
fashion,395,0.984765015221355
fashion,396,0.9848581483368231
fashion,397,0.9849503152986303
fashion,398,0.9850423980546491
fashion,399,0.9851339819690432
fashion,400,0.9852253171604364
fashion,401,0.9853163979638055
fashion,402,0.9854068435879254
fashion,403,0.9854969033928328
fashion,404,0.9855865628928502
fashion,405,0.985675687098191
fashion,406,0.9857645827101033
fashion,407,0.9858530499944979
fashion,408,0.9859413014502637
fashion,409,0.9860290825121479
fashion,410,0.9861163222475765
fashion,411,0.9862033373453953
fashion,412,0.9862898854503765
fashion,413,0.9863760369641198
fashion,414,0.9864619266491679
fashion,415,0.9865473590682651
fashion,416,0.9866322941702562
fashion,417,0.9867171086645012
fashion,418,0.9868012897428731
fashion,419,0.986885062388579
fashion,420,0.9869686081379686
fashion,421,0.9870518898483355
fashion,422,0.9871343862574348
fashion,423,0.9872166833927527
fashion,424,0.9872981565295479
fashion,425,0.987379323250456
fashion,426,0.9874603927385085
fashion,427,0.987541077764398
fashion,428,0.9876212196178671
fashion,429,0.9877011361322513
fashion,430,0.9877805398909582
fashion,431,0.9878597595424433
fashion,432,0.9879388727644491
fashion,433,0.9880173160389895
fashion,434,0.9880954405552188
fashion,435,0.9881734522705927
fashion,436,0.9882509020700926
fashion,437,0.9883281695118075
fashion,438,0.9884051817796824
fashion,439,0.9884817755041887
fashion,440,0.9885582055605632
fashion,441,0.9886340539205287
fashion,442,0.9887095008040415
fashion,443,0.9887846073026232
fashion,444,0.988859440664134
fashion,445,0.9889341023794568
fashion,446,0.9890082644570174
fashion,447,0.9890820594292131
fashion,448,0.9891556380724688
fashion,449,0.9892287760453397
fashion,450,0.989301504141325
fashion,451,0.9893740520746479
fashion,452,0.9894460045791883
fashion,453,0.989517538525218
fashion,454,0.9895889005207937
fashion,455,0.9896598887377508
fashion,456,0.9897306499228341
fashion,457,0.9898010577974703
fashion,458,0.9898713140830341
fashion,459,0.9899409824379354
fashion,460,0.9900105066315407
fashion,461,0.9900799463040281
fashion,462,0.9901486106995006
fashion,463,0.9902169479739531
fashion,464,0.9902849835171674
fashion,465,0.9903527320615011
fashion,466,0.9904200335809789
fashion,467,0.990487293620201
fashion,468,0.9905540858919282
fashion,469,0.9906207553016649
fashion,470,0.9906870299939694
fashion,471,0.9907528258066174
fashion,472,0.990818510408574
fashion,473,0.9908836639382052
fashion,474,0.99094829538036
fashion,475,0.9910125914641372
fashion,476,0.9910767281004285
fashion,477,0.9911407318154933
fashion,478,0.9912044462250166
fashion,479,0.9912678004639145
fashion,480,0.9913306823366116
fashion,481,0.991393235156546
fashion,482,0.9914556085253725
fashion,483,0.9915175455203524
fashion,484,0.9915789803267941
fashion,485,0.9916402999152534
fashion,486,0.9917015460251543
fashion,487,0.9917626835180594
fashion,488,0.9918235826509909
fashion,489,0.9918842816352926
fashion,490,0.9919446757058328
fashion,491,0.9920044005179263
fashion,492,0.9920639344273021
fashion,493,0.9921228402329332
fashion,494,0.9921816392046439
fashion,495,0.992240143809049
fashion,496,0.992298442382267
fashion,497,0.9923563114347627
fashion,498,0.992414063473434
fashion,499,0.9924715061717441
fashion,500,0.9925288037345238
fashion,501,0.9925858271264069
fashion,502,0.9926425346011493
fashion,503,0.9926990707214413
fashion,504,0.992755424842532
fashion,505,0.9928114114482958
fashion,506,0.9928671292504578
fashion,507,0.9929223248603798
fashion,508,0.9929773552060746
fashion,509,0.9930320153915925
fashion,510,0.9930864655626901
fashion,511,0.9931406567975553
fashion,512,0.9931946374403772
fashion,513,0.9932484457549735
fashion,514,0.9933018656862492
fashion,515,0.9933550719364219
fashion,516,0.9934080394541379
fashion,517,0.9934607698397908
fashion,518,0.993513249617363
fashion,519,0.9935649965724695
fashion,520,0.9936167152588073
fashion,521,0.9936681881338244
fashion,522,0.9937194282890645
fashion,523,0.9937704161174563
fashion,524,0.9938211500781755
fashion,525,0.9938717621327772
fashion,526,0.9939220152578749
fashion,527,0.9939721430096398
fashion,528,0.9940219996744832
fashion,529,0.9940715979731177
fashion,530,0.9941210250510528
fashion,531,0.9941700212373042
fashion,532,0.9942188096865919
fashion,533,0.9942673946082963
fashion,534,0.9943155926038898
fashion,535,0.9943636497601244
fashion,536,0.9944115721209545
fashion,537,0.9944590976726527
fashion,538,0.9945065652026281
fashion,539,0.9945536305846707
fashion,540,0.9946005359108328
fashion,541,0.9946472209272859
fashion,542,0.9946938147372872
fashion,543,0.9947402396027629
fashion,544,0.9947862761119202
fashion,545,0.9948322289118546
fashion,546,0.9948777520977364
fashion,547,0.9949231105924501
fashion,548,0.9949682222752765
fashion,549,0.9950130875918987
fashion,550,0.9950576830607858
fashion,551,0.9951019387237579
fashion,552,0.9951460292084042
fashion,553,0.9951898394350847
fashion,554,0.9952333927154466
fashion,555,0.9952768390379163
fashion,556,0.9953200680054987
fashion,557,0.9953630091361403
fashion,558,0.9954057587987517
fashion,559,0.9954482458337878
fashion,560,0.9954905455251347
fashion,561,0.9955324604885493
fashion,562,0.9955741348675858
fashion,563,0.9956153890094928
fashion,564,0.9956564664847634
fashion,565,0.9956973361800374
fashion,566,0.9957380344309789
fashion,567,0.9957783932136095
fashion,568,0.9958184674004154
fashion,569,0.9958584158155488
fashion,570,0.995898185007233
fashion,571,0.9959375182996941
fashion,572,0.9959767940370576
fashion,573,0.9960160314134298
fashion,574,0.9960550664726925
fashion,575,0.9960940227482226
fashion,576,0.9961325585566366
fashion,577,0.9961709911841163
fashion,578,0.9962091515096073
fashion,579,0.9962472207874083
fashion,580,0.9962848702894938
fashion,581,0.9963223203680333
fashion,582,0.9963595283314495
fashion,583,0.9963964018540388
fashion,584,0.9964330016778999
fashion,585,0.9964695285437382
fashion,586,0.9965059329307471
fashion,587,0.9965421844117524
fashion,588,0.9965782587212989
fashion,589,0.9966141194589198
fashion,590,0.9966497037296967
fashion,591,0.9966850761058068
fashion,592,0.9967203679158317
fashion,593,0.9967555259729409
fashion,594,0.9967903976350052
fashion,595,0.9968251263959803
fashion,596,0.9968597145248209
fashion,597,0.9968940897046737
fashion,598,0.9969283566936463
fashion,599,0.9969623188274231
fashion,600,0.9969960968499345
fashion,601,0.9970298064437372
fashion,602,0.9970633634496348
fashion,603,0.9970966864486321
fashion,604,0.9971297461610309
fashion,605,0.9971625247964704
fashion,606,0.9971951362163417
fashion,607,0.997227638654687
fashion,608,0.9972597051129396
fashion,609,0.9972916797057085
fashion,610,0.9973234525223776
fashion,611,0.9973551200377058
fashion,612,0.9973866093952714
fashion,613,0.9974177531731684
fashion,614,0.9974486596871067
fashion,615,0.9974794134030726
fashion,616,0.9975100453556879
fashion,617,0.9975404887283206
fashion,618,0.9975707447347797
fashion,619,0.9976008315284716
fashion,620,0.9976305596854808
fashion,621,0.9976602400938721
fashion,622,0.9976898915161784
fashion,623,0.9977193864673185
fashion,624,0.997748553137327
fashion,625,0.9977776200675369
fashion,626,0.9978064557609284
fashion,627,0.9978351649294523
fashion,628,0.9978637600308718
fashion,629,0.9978921610834698
fashion,630,0.9979203826439086
fashion,631,0.9979483146168463
fashion,632,0.997976106899637
fashion,633,0.9980035889293525
fashion,634,0.9980309209577997
fashion,635,0.9980580611646956
fashion,636,0.9980850653202981
fashion,637,0.9981118730384094
fashion,638,0.9981385344404128
fashion,639,0.9981649658961416
fashion,640,0.9981912751175255
fashion,641,0.9982175468717277
fashion,642,0.998243782416432
fashion,643,0.9982696912725243
fashion,644,0.9982953527266023
fashion,645,0.998320874947085
fashion,646,0.9983463374550589
fashion,647,0.9983714924288862
fashion,648,0.9983965427335946
fashion,649,0.9984213493509783
fashion,650,0.9984459793011917
fashion,651,0.9984705425572891
fashion,652,0.9984946067996759
fashion,653,0.9985184586980989
fashion,654,0.9985421339462456
fashion,655,0.9985655885042953
fashion,656,0.9985888046179957
fashion,657,0.9986117937979946
fashion,658,0.9986346403166823
fashion,659,0.998657275697197
fashion,660,0.9986798714014925
fashion,661,0.998702417998366
fashion,662,0.9987247774295563
fashion,663,0.9987467632053131
fashion,664,0.9987687432987152
fashion,665,0.9987903563977529
fashion,666,0.9988119314913522
fashion,667,0.9988332110765631
fashion,668,0.9988542707400782
fashion,669,0.9988751975720558
fashion,670,0.9988958498151228
fashion,671,0.9989163725911455
fashion,672,0.9989366760509273
fashion,673,0.9989568437237907
fashion,674,0.9989767616175136
fashion,675,0.9989965367222959
fashion,676,0.9990159381779434
fashion,677,0.999035216256555
fashion,678,0.9990543299455142
fashion,679,0.9990732087683643
fashion,680,0.9990919631662061
fashion,681,0.9991105524142644
fashion,682,0.9991290353836847
fashion,683,0.9991474383130663
fashion,684,0.9991656758477173
fashion,685,0.9991835902850906
fashion,686,0.9992011035737713
fashion,687,0.9992185111966124
fashion,688,0.999235703787581
fashion,689,0.999252754928428
fashion,690,0.9992696967188648
fashion,691,0.9992865150453659
fashion,692,0.9993032991115925
fashion,693,0.9993197422526224
fashion,694,0.999336014177279
fashion,695,0.99935212929866
fashion,696,0.9993681990064333
fashion,697,0.9993837968518641
fashion,698,0.9993991652300723
fashion,699,0.9994143901510494
fashion,700,0.9994293603064336
fashion,701,0.9994442873585099
fashion,702,0.9994589085811904
fashion,703,0.9994734764927149
fashion,704,0.9994878553928109
fashion,705,0.9995020583703446
fashion,706,0.9995160919342843
fashion,707,0.9995298952566718
fashion,708,0.9995436524989941
fashion,709,0.9995571717561487
fashion,710,0.9995705019522253
fashion,711,0.9995835101692145
fashion,712,0.9995964379329357
fashion,713,0.999609278440492
fashion,714,0.9996219883276697
fashion,715,0.9996343617619092
fashion,716,0.9996465528531661
fashion,717,0.9996584424948645
fashion,718,0.999669888728623
fashion,719,0.9996812413988551
fashion,720,0.9996925481500899
fashion,721,0.9997036224890019
fashion,722,0.9997143083016417
fashion,723,0.9997248523663206
fashion,724,0.9997351557159508
fashion,725,0.9997452499998067
fashion,726,0.9997551846972204
fashion,727,0.9997649313591327
fashion,728,0.9997744919715528
fashion,729,0.9997839346172046
fashion,730,0.9997932568129215
fashion,731,0.9998025426861281
fashion,732,0.9998116368606841
fashion,733,0.9998206057869905
fashion,734,0.9998289905968792
fashion,735,0.9998371742758145
fashion,736,0.9998452611555969
fashion,737,0.9998530415804878
fashion,738,0.9998606338573921
fashion,739,0.9998678815495204
fashion,740,0.9998748246522922
fashion,741,0.9998816624247049
fashion,742,0.9998883830839106
fashion,743,0.9998948919232008
fashion,744,0.9999012114997197
fashion,745,0.9999071904703283
fashion,746,0.9999130722000721
fashion,747,0.9999187909705639
fashion,748,0.9999240082571763
fashion,749,0.9999291827740019
fashion,750,0.9999342692168001
fashion,751,0.9999389001136791
fashion,752,0.9999433854087959
fashion,753,0.9999476012851949
fashion,754,0.9999513478187717
fashion,755,0.999955018717131
fashion,756,0.9999584111257022
fashion,757,0.9999616776738786
fashion,758,0.9999649379498982
fashion,759,0.9999680200313926
fashion,760,0.9999710361979083
fashion,761,0.9999739148908241
fashion,762,0.9999764168525022
fashion,763,0.9999788414213219
fashion,764,0.9999812029722845
fashion,765,0.9999833203645125
fashion,766,0.999985390641096
fashion,767,0.9999872563978653
fashion,768,0.9999888497066858
fashion,769,0.9999903381537888
fashion,770,0.9999916447846183
fashion,771,0.9999928532984701
fashion,772,0.9999940121085238
fashion,773,0.9999950861427095
fashion,774,0.9999960871531661
fashion,775,0.9999968133856598
fashion,776,0.9999975065439299
fashion,777,0.9999980563084656
fashion,778,0.9999985504896128
fashion,779,0.9999989249478419
fashion,780,0.999999283548518
fashion,781,0.9999995892497358
fashion,782,0.999999789576486
fashion,783,0.9999999135107028
fashion,784,0.9999999999999993
wine,1,0.40749484555191323
wine,2,0.5971983633884046
wine,3,0.6828150695968219
wine,4,0.7570818476302285
wine,5,0.8127348585863362
wine,6,0.859323230491644
wine,7,0.8959625195457823
wine,8,0.9200504125195338
wine,9,0.9427941177737791
wine,10,0.9653037634193762
wine,11,0.9791166881610437
wine,12,0.9918490473762146
wine,13,1.0
cancer,1,0.5309768941412574
cancer,2,0.7038117901347682
cancer,3,0.7749562102035232
cancer,4,0.8390687984671885
cancer,5,0.879929518827703
cancer,6,0.9106444630243895
cancer,7,0.9264528376127577
cancer,8,0.938367553719354
cancer,9,0.9482518447472391
cancer,10,0.9577063058117207
cancer,11,0.9662002713256743
cancer,12,0.9737800358924605
cancer,13,0.980346417264551
cancer,14,0.9850945318827656
cancer,15,0.9877887652595381
cancer,16,0.9903663100977913
cancer,17,0.9922038659775114
cancer,18,0.9937165825805768
cancer,19,0.9950937672115215
cancer,20,0.9961533596340562
cancer,21,0.9971364206742431
cancer,22,0.9979209169403775
cancer,23,0.9984489769860101
cancer,24,0.9989589636519605
cancer,25,0.9993890369781199
cancer,26,0.9997186543040522
cancer,27,0.9999092283534409
cancer,28,0.9999651387799315
cancer,29,0.9999940354676488
cancer,30,0.9999999999999997
