generation,best_fitness,mean_fitness,best_so_far,fitnesses
1,0.74,0.608125,0.74,0.3900 0.6300 0.6500 0.3200 0.6900 0.6900 0.6500 0.7300 0.6800 0.7400 0.5400 0.6800 0.4600 0.6700 0.5700 0.6400
2,0.75,0.6643749999999999,0.75,0.7400 0.7500 0.7300 0.7000 0.5200 0.5900 0.6700 0.7300 0.6800 0.6200 0.6100 0.5900 0.6700 0.6500 0.7300 0.6500
3,0.75,0.688125,0.75,0.7500 0.6900 0.6900 0.6900 0.7300 0.6500 0.6800 0.7400 0.7300 0.7000 0.6300 0.5900 0.7100 0.6600 0.7300 0.6400
4,0.74,0.680625,0.75,0.6300 0.7400 0.6900 0.6800 0.7100 0.7300 0.5600 0.6600 0.7300 0.7200 0.6100 0.6900 0.6600 0.6900 0.6600 0.7300
5,0.75,0.6775,0.75,0.7400 0.7300 0.5400 0.5200 0.6700 0.7300 0.7300 0.6400 0.7100 0.7100 0.7500 0.6000 0.6900 0.5900 0.7500 0.7400
6,0.75,0.6543749999999999,0.75,0.5200 0.7500 0.7200 0.6700 0.6500 0.7400 0.5900 0.6100 0.7000 0.7300 0.4600 0.6500 0.7300 0.7300 0.6100 0.6100
7,0.73,0.6875,0.75,0.6500 0.7300 0.7300 0.7100 0.7300 0.6800 0.7300 0.7000 0.6100 0.7200 0.6600 0.6600 0.7000 0.6700 0.6100 0.7100
8,0.74,0.7024999999999999,0.75,0.6400 0.6400 0.7300 0.6900 0.7300 0.7300 0.7300 0.7300 0.7200 0.7400 0.7200 0.6500 0.7100 0.7000 0.7300 0.6500
9,0.74,0.706875,0.75,0.6700 0.7400 0.7400 0.7300 0.7300 0.7300 0.7000 0.6800 0.6800 0.7200 0.7200 0.7300 0.7300 0.6800 0.6700 0.6600
10,0.74,0.71125,0.75,0.7400 0.7400 0.7300 0.6100 0.7300 0.7300 0.6600 0.6000 0.7300 0.7300 0.7300 0.7300 0.7300 0.7200 0.7400 0.7300
11,0.74,0.7037499999999999,0.75,0.7300 0.7400 0.6800 0.7300 0.7400 0.7300 0.6900 0.6200 0.7300 0.7300 0.6200 0.6000 0.7300 0.7300 0.7300 0.7300
12,0.74,0.7024999999999999,0.75,0.7400 0.7300 0.5300 0.5500 0.7300 0.7300 0.7400 0.7300 0.7300 0.7300 0.6600 0.7200 0.7300 0.7300 0.7300 0.7300
13,0.74,0.711875,0.75,0.6700 0.7400 0.7300 0.7400 0.7300 0.7300 0.7300 0.5700 0.7200 0.7300 0.6900 0.7400 0.7300 0.7300 0.6800 0.7300
14,0.75,0.715625,0.75,0.7400 0.7400 0.7400 0.7400 0.7400 0.7300 0.7400 0.7300 0.7300 0.7200 0.7300 0.5700 0.6700 0.7200 0.6600 0.7500
15,0.74,0.71,0.75,0.7300 0.7400 0.6100 0.6100 0.7200 0.7400 0.7400 0.7400 0.7400 0.7400 0.6500 0.7400 0.7400 0.7300 0.6700 0.7200
16,0.74,0.7168749999999999,0.75,0.5200 0.7400 0.7400 0.7400 0.7400 0.7400 0.7400 0.7400 0.7300 0.7400 0.7400 0.7400 0.7400 0.7200 0.6200 0.7400
17,0.75,0.723125,0.75,0.7400 0.7400 0.7200 0.7300 0.6300 0.7400 0.6500 0.7300 0.7100 0.7400 0.7400 0.7400 0.7400 0.7300 0.7400 0.7500
18,0.75,0.713125,0.75,0.7500 0.7400 0.6600 0.7400 0.7400 0.7200 0.7400 0.6100 0.6400 0.7400 0.7400 0.7400 0.7400 0.7200 0.7400 0.6500
19,0.75,0.724375,0.75,0.7500 0.7300 0.7200 0.6700 0.7400 0.6100 0.7400 0.7400 0.7100 0.7400 0.7400 0.7400 0.7400 0.7400 0.7400 0.7400
20,0.75,0.685,0.75,0.7500 0.7400 0.7500 0.6100 0.7400 0.7400 0.7400 0.5200 0.4900 0.5200 0.7300 0.6700 0.7400 0.7400 0.7400 0.7400
21,0.75,0.719375,0.75,0.7500 0.7500 0.7500 0.7300 0.7300 0.7400 0.7400 0.6500 0.7200 0.6200 0.7200 0.7200 0.7400 0.7400 0.7400 0.6700
22,0.75,0.720625,0.75,0.7300 0.7500 0.7500 0.7500 0.6100 0.7400 0.7400 0.7400 0.5700 0.7400 0.7400 0.7300 0.7400 0.7200 0.7400 0.7400
23,0.75,0.71625,0.75,0.7500 0.6500 0.7500 0.7000 0.7500 0.7400 0.7200 0.7400 0.6400 0.7400 0.7500 0.7300 0.6700 0.7400 0.6500 0.7400
24,0.75,0.728125,0.75,0.7500 0.7500 0.7500 0.7500 0.7500 0.7500 0.7500 0.7300 0.7000 0.6600 0.7400 0.7400 0.7400 0.7400 0.6200 0.7300
25,0.75,0.7118749999999999,0.75,0.7500 0.6600 0.7300 0.7300 0.7200 0.7000 0.7500 0.7300 0.6500 0.7500 0.7300 0.6100 0.6500 0.7400 0.7500 0.7400
26,0.75,0.72875,0.75,0.7500 0.7300 0.7000 0.7500 0.7500 0.7500 0.7500 0.7200 0.6600 0.7400 0.7400 0.7400 0.7300 0.7300 0.7400 0.6800
27,0.75,0.7375,0.75,0.7500 0.7500 0.7500 0.7500 0.7500 0.7500 0.6400 0.7500 0.7200 0.7400 0.7500 0.7400 0.7400 0.7400 0.7400 0.7400
28,0.75,0.7137499999999999,0.75,0.7500 0.6500 0.6500 0.6500 0.7500 0.7500 0.7200 0.6200 0.7200 0.7200 0.7300 0.7500 0.7500 0.7500 0.7300 0.7300
29,0.75,0.7068749999999999,0.75,0.6100 0.7000 0.7500 0.7500 0.6900 0.7500 0.7000 0.7500 0.7500 0.7400 0.7500 0.6500 0.6100 0.7300 0.7300 0.6500
30,0.75,0.7224999999999999,0.75,0.7500 0.7000 0.7500 0.7200 0.6600 0.7500 0.7500 0.7500 0.7500 0.7500 0.6500 0.7200 0.7300 0.7300 0.6700 0.7300
31,0.75,0.721875,0.75,0.6800 0.7200 0.7500 0.7500 0.7200 0.6800 0.7500 0.7500 0.7500 0.6600 0.7500 0.7500 0.7500 0.7300 0.6400 0.7200
32,0.75,0.724375,0.75,0.7500 0.7500 0.7500 0.7500 0.7500 0.7500 0.6600 0.7500 0.5200 0.7500 0.7300 0.7500 0.7500 0.7000 0.7300 0.7500
33,0.75,0.7181249999999999,0.75,0.7400 0.6500 0.6600 0.7100 0.7500 0.7500 0.7300 0.7500 0.7500 0.7500 0.6100 0.7500 0.7300 0.7500 0.6800 0.7300
34,0.75,0.7175,0.75,0.7300 0.6200 0.7500 0.7300 0.7500 0.7500 0.7500 0.7500 0.5200 0.7500 0.7500 0.7500 0.7500 0.7400 0.6500 0.7400
35,0.75,0.735625,0.75,0.7500 0.7500 0.7100 0.7500 0.7500 0.6100 0.7200 0.7300 0.7500 0.7500 0.7500 0.7500 0.7500 0.7500 0.7500 0.7500
36,0.75,0.7274999999999999,0.75,0.7500 0.7500 0.7500 0.7500 0.7500 0.7500 0.7500 0.7300 0.7500 0.7500 0.6100 0.7500 0.7500 0.6800 0.6500 0.7200
37,0.75,0.739375,0.75,0.7500 0.7200 0.7500 0.7500 0.7300 0.7500 0.6800 0.7500 0.7500 0.7500 0.7200 0.7300 0.7500 0.7500 0.7500 0.7500
38,0.75,0.7175,0.75,0.7500 0.5200 0.7100 0.7500 0.7200 0.7500 0.7500 0.6400 0.6600 0.7500 0.7500 0.7300 0.7500 0.7500 0.7500 0.7500
39,0.75,0.7025,0.75,0.7500 0.7500 0.7500 0.5600 0.7500 0.7200 0.7200 0.7500 0.7500 0.7500 0.7500 0.6500 0.7500 0.6500 0.7000 0.4900
40,0.75,0.74,0.75,0.7500 0.7500 0.7500 0.7500 0.6400 0.7500 0.7500 0.7500 0.7500 0.7500 0.7500 0.7200 0.7500 0.7500 0.7500 0.7300
41,0.75,0.68375,0.75,0.3900 0.7500 0.7500 0.7500 0.7500 0.7500 0.6400 0.7500 0.5200 0.7000 0.7500 0.7500 0.7500 0.5300 0.7500 0.6600
42,0.75,0.7093750000000001,0.75,0.6400 0.7500 0.7500 0.7500 0.7500 0.7200 0.7000 0.7500 0.7500 0.7500 0.7500 0.7500 0.7500 0.7500 0.6500 0.3900
43,0.75,0.724375,0.75,0.7200 0.7500 0.7500 0.6600 0.7500 0.7500 0.6500 0.7500 0.7000 0.7500 0.7200 0.7500 0.6400 0.7500 0.7500 0.7500
44,0.75,0.724375,0.75,0.7500 0.7500 0.7500 0.7000 0.7500 0.7500 0.6400 0.7500 0.6500 0.7500 0.7500 0.7000 0.7500 0.7500 0.6500 0.7500
45,0.75,0.7262500000000001,0.75,0.7500 0.6500 0.7500 0.7500 0.7500 0.7500 0.7500 0.7200 0.7500 0.7500 0.6400 0.7500 0.7500 0.7000 0.7500 0.6600
46,0.75,0.7212500000000001,0.75,0.7000 0.7500 0.7500 0.7500 0.7500 0.7500 0.7500 0.6500 0.7500 0.7200 0.7500 0.6400 0.6400 0.7200 0.7200 0.7500
47,0.75,0.7393749999999999,0.75,0.6900 0.7500 0.7500 0.7100 0.7500 0.7200 0.7300 0.7500 0.7300 0.7500 0.7500 0.7500 0.7500 0.7500 0.7500 0.7500
48,0.75,0.703125,0.75,0.7500 0.7300 0.7500 0.7500 0.7500 0.6400 0.7500 0.6500 0.7000 0.6100 0.7500 0.6600 0.6500 0.6100 0.7500 0.7500
49,0.75,0.730625,0.75,0.7500 0.7500 0.7200 0.7500 0.7300 0.7200 0.6500 0.7200 0.7500 0.7500 0.7500 0.7000 0.7500 0.7300 0.7200 0.7500
50,0.75,0.715625,0.75,0.7500 0.6600 0.6900 0.7500 0.6400 0.6400 0.7500 0.7500 0.7500 0.6100 0.7300 0.7300 0.7500 0.7500 0.7500 0.7500
51,0.75,0.6625,0.75,0.7300 0.7000 0.5200 0.6100 0.6800 0.6500 0.5600 0.6500 0.6500 0.7300 0.7500 0.7500 0.7500 0.6500 0.6100 0.6100
52,0.75,0.6925,0.75,0.7500 0.7500 0.7200 0.7500 0.7500 0.7300 0.6800 0.7300 0.6200 0.7000 0.7000 0.6500 0.7200 0.6500 0.5300 0.6500
53,0.75,0.691875,0.75,0.7000 0.7300 0.7500 0.6500 0.5300 0.7500 0.7500 0.7200 0.7300 0.7300 0.6400 0.7300 0.7200 0.7200 0.7400 0.4800
